sender_address,total_burned_dwl,win_type
0x44236efb5bb9dbe73507dc9ece0ae4c53a7a193d,0.029911687446180681,raffle
0xfa6668faa6e9511b36403a6628b036c7fd70166d,0.197580580215,raffle
0x5aceb63d52d0d7081a72f254401893ffcf81381a,0.025881354271762867,raffle
0xec8541d68a2f66690c2b45e8908fde7e3b3e1bce,0.012232840622692985,raffle
0xfc4b4898a1678ded3046b64ea9c7dca81aee0b51,0.0518163738087464,raffle


